Type,Action,Date
GitHub,GitHub – add user to org,2023-10-23
GitHub,GitHub – add user to org,2023-10-23
GitHub,GitHub – add user to org,2023-10-23
GitHub,GitHub - add user as maintainer,2023-10-23
GitHub,GitHub - add Renovate to repo,2023-10-23
GitHub,GitHub - information/help,2023-10-23
Other,General information/help,2023-10-23
Other,Refer to another team,2023-10-23
GitHub,GitHub – add user to org,2023-10-24
GitHub,GitHub – add user to org,2023-10-24
GitHub,GitHub – add user to org,2023-10-24
GitHub,GitHub – add user to team/repo,2023-10-24
GitHub,GitHub – add user to team/repo,2023-10-24
GitHub,GitHub - information/help,2023-10-24
DockerHub,Dockerhub,2023-10-24
GitHub,GitHub – add user to org,2023-10-25
GitHub,GitHub – add user to org,2023-10-25
GitHub,GitHub – add user to org,2023-10-25
GitHub,GitHub – add user to org,2023-10-25
GitHub,GitHub – add user to org,2023-10-25
GitHub,GitHub – add user to org,2023-10-25
1Password,1Password - add user,2023-10-25
1Password,1Password - add user,2023-10-25
1Password,1Password - information/help,2023-10-25
AWS,AWS,2023-10-25
Certificates,Certificates,2023-10-25
CircleCi,CircleCi,2023-10-25
CircleCi,CircleCi,2023-10-25
DNS,DNS/Domain,2023-10-25
DNS,DNS/Domain,2023-10-25
GitHub,GitHub – add user to org,2023-10-26
GitHub,GitHub – add user to team/repo,2023-10-26
GitHub,GitHub - add Renovate to repo,2023-10-26
GitHub,GitHub - other requests,2023-10-26
1Password,1Password - add user,2023-10-26
SonarCloud,Sonarcloud,2023-10-26
GitHub,GitHub – add user to org,2023-10-27
GitHub,GitHub – add user to org,2023-10-27
GitHub,GitHub – add user to team/repo,2023-10-27
GitHub,GitHub - information/help,2023-10-27
GitHub,GitHub - information/help,2023-10-27
1Password,1Password - add user,2023-10-27
Pingdom,Pingdom,2023-10-27
GitHub,GitHub – add user to org,2023-10-30
GitHub,GitHub – add user to team/repo,2023-10-30
1Password,1Password - add user,2023-10-30
1Password,1Password - add user,2023-10-30
DNS,DNS/Domain,2023-10-30
Pagerduty,Pagerduty,2023-10-30
SonarCloud,Sonarcloud,2023-10-30
Other,General information/help,2023-10-30
GitHub,GitHub – add user to org,2023-10-31
GitHub,GitHub – add user to team/repo,2023-10-31
GitHub,GitHub - add team to repo,2023-10-31
GitHub,GitHub - add team to repo,2023-10-31
GitHub,GitHub – add user to org,2023-11-01
GitHub,GitHub – add user to org,2023-11-01
GitHub,GitHub – add user to org,2023-11-01
GitHub,GitHub – add user to org,2023-11-01
GitHub,GitHub – add user to org,2023-11-01
GitHub,GitHub – add user to team/repo,2023-11-01
GitHub,GitHub - information/help,2023-11-01
1Password,1Password - add user,2023-11-01
1Password,1Password - remove user,2023-11-01
Other,Refer to another team,2023-11-01
GitHub,GitHub – add user to org,2023-11-02
GitHub,GitHub – add user to org,2023-11-02
GitHub,GitHub – add user to org,2023-11-02
GitHub,GitHub – add user to org,2023-11-02
GitHub,GitHub – remove user from org,2023-11-02
GitHub,GitHub - information/help,2023-11-02
GitHub,GitHub - information/help,2023-11-02
Pingdom,Pingdom,2023-11-02
Other,Refer to another team,2023-11-02
Other,Refer to another team,2023-11-03
GitHub,GitHub – add user to org,2023-11-06
GitHub,GitHub – add user to org,2023-11-06
GitHub,GitHub – add user to org,2023-11-06
GitHub,GitHub – add user to org,2023-11-06
GitHub,GitHub - add user back to org,2023-11-06
GitHub,GitHub - add Renovate to repo,2023-11-06
GitHub,GitHub – add user to org,2023-11-07
GitHub,GitHub – add user to org,2023-11-07
GitHub,GitHub – add user to org,2023-11-07
GitHub,GitHub – add external collaborator,2023-11-07
GitHub,GitHub – add external collaborator,2023-11-07
GitHub,GitHub – add user to org,2023-11-08
GitHub,GitHub - add user back to org,2023-11-08
GitHub,GitHub – add user to team/repo,2023-11-08
GitHub,GitHub - add team to repo,2023-11-08
GitHub,GitHub - add user as maintainer,2023-11-08
1Password,1Password - add user,2023-11-08
1Password,1Password - add user,2023-11-08
1Password,1Password - add user,2023-11-08
GitHub,GitHub – add user to org,2023-11-09
GitHub,GitHub – add user to org,2023-11-09
GitHub,GitHub – add user to org,2023-11-09
GitHub,GitHub – add user to org,2023-11-09
GitHub,GitHub – add user to org,2023-11-09
GitHub,GitHub – add user to org,2023-11-09
DockerHub,Dockerhub,2023-11-09
Pingdom,Pingdom,2023-11-09
GitHub,GitHub – add user to org,2023-11-10
GitHub,GitHub – add user to org,2023-11-10
GitHub,GitHub - information/help,2023-11-10
1Password,1Password - add user,2023-11-10
GitHub,GitHub – add user to org,2023-11-13
GitHub,GitHub – add user to org,2023-11-13
GitHub,GitHub – add user to org,2023-11-13
GitHub,GitHub - information/help,2023-11-13
1Password,1Password - password recovery,2023-11-13
Pagerduty,Pagerduty,2023-11-13
Other,Leaver request,2023-11-13
GitHub,GitHub – add user to org,2023-11-14
GitHub,GitHub – add user to org,2023-11-14
GitHub,GitHub – add user to org,2023-11-14
1Password,1Password - add user,2023-11-14
1Password,1Password - add user,2023-11-14
Other,Refer to another team,2023-11-14
GitHub,GitHub – add user to org,2023-11-15
GitHub,GitHub – add user to org,2023-11-15
GitHub,GitHub – add user to org,2023-11-15
GitHub,GitHub – add user to org,2023-11-15
GitHub,GitHub – add user to org,2023-11-15
GitHub,GitHub – add user to org,2023-11-15
GitHub,GitHub – add user to org,2023-11-15
GitHub,GitHub – add user to team/repo,2023-11-15
GitHub,GitHub - add user as maintainer,2023-11-15
1Password,1Password - add vault,2023-11-15
Other,Refer to another team,2023-11-15
Other,Refer to another team,2023-11-15
Other,Refer to another team,2023-11-15
GitHub,GitHub – add user to org,2023-11-16
GitHub,GitHub – add user to org,2023-11-16
GitHub,GitHub – add user to org,2023-11-16
GitHub,GitHub – add user to org,2023-11-16
1Password,1Password - add user,2023-11-16
GitHub,GitHub – add user to org,2023-11-17
GitHub,GitHub - information/help,2023-11-17
GitHub,GitHub - information/help,2023-11-17
1Password,1Password - password recovery,2023-11-17
Pingdom,Pingdom,2023-11-17
1Password,1Password - add user,2023-11-20
Other,Refer to another team,2023-11-20
GitHub,GitHub – add user to org,2023-11-21
GitHub,GitHub - add user back to org,2023-11-21
GitHub,GitHub - information/help,2023-11-21
GitHub,GitHub - information/help,2023-11-21
GitHub,GitHub - information/help,2023-11-21
1Password,1Password - add user,2023-11-21
1Password,1Password - password recovery,2023-11-21
Pagerduty,Pagerduty,2023-11-21
Pagerduty,Pagerduty,2023-11-21
Other,Refer to another team,2023-11-21
Other,Refer to another team,2023-11-21
GitHub,GitHub – add user to org,2023-11-22
GitHub,GitHub – add user to org,2023-11-22
GitHub,GitHub – add user to org,2023-11-22
GitHub,GitHub – add user to team/repo,2023-11-22
GitHub,GitHub - information/help,2023-11-22
DNS,DNS/Domain,2023-11-22
DNS,DNS/Domain,2023-11-22
GitHub,GitHub – add user to org,2023-11-23
GitHub,GitHub – add user to org,2023-11-23
GitHub,GitHub – add user to org,2023-11-23
GitHub,GitHub - add team to repo,2023-11-23
GitHub,GitHub – create team,2023-11-23
GitHub,GitHub – create team,2023-11-23
GitHub,GitHub – archive/unarchive repo,2023-11-23
GitHub,GitHub – archive/unarchive repo,2023-11-23
GitHub,GitHub - information/help,2023-11-23
Pingdom,Pingdom,2023-11-23
Other,Refer to another team,2023-11-23
GitHub,GitHub – add user to org,2023-11-24
GitHub,GitHub – add user to org,2023-11-27
GitHub,GitHub – add user to org,2023-11-27
GitHub,GitHub - information/help,2023-11-27
GitHub,GitHub - information/help,2023-11-27
Other,General information/help,2023-11-27
Other,Refer to another team,2023-11-27
GitHub,GitHub - information/help,2023-11-28
GitHub,GitHub - information/help,2023-11-28
DNS,DNS/Domain,2023-11-28
DNS,DNS/Domain,2023-11-28
DNS,DNS/Domain,2023-11-28
DNS,DNS/Domain,2023-11-28
DNS,DNS/Domain,2023-11-28
Sentry,Sentry,2023-11-28
GitHub,GitHub – add user to org,2023-11-29
GitHub,GitHub - information/help,2023-11-29
Other,General information/help,2023-11-29
GitHub,GitHub – add user to org,2023-11-30
GitHub,GitHub – add user to org,2023-11-30
GitHub,GitHub – add user to org,2023-11-30
GitHub,GitHub – add user to org,2023-11-30
GitHub,GitHub – add user to org,2023-11-30
GitHub,GitHub - add Renovate to repo,2023-11-30
Sentry,Sentry,2023-11-30
GitHub,GitHub – add user to org,2023-12-01
GitHub,GitHub – add user to org,2023-12-01
GitHub,GitHub – add user to team/repo,2023-12-01
GitHub,GitHub - add user as maintainer,2023-12-01
GitHub,GitHub - add Renovate to repo,2023-12-01
GitHub,GitHub – add user to org,2023-12-04
GitHub,GitHub – add user to org,2023-12-04
GitHub,GitHub – add user to org,2023-12-04
GitHub,GitHub - information/help,2023-12-04
1Password,1Password - information/help,2023-12-04
AWS,AWS,2023-12-04
Certificates,Certificates,2023-12-04
CircleCi,CircleCi,2023-12-04
CircleCi,CircleCi,2023-12-04
DNS,DNS/Domain,2023-12-04
DNS,DNS/Domain,2023-12-04
GitHub,GitHub – add user to org,2023-12-05
GitHub,GitHub – add user to org,2023-12-05
GitHub,GitHub – add user to org,2023-12-05
GitHub,GitHub – add user to org,2023-12-05
GitHub,GitHub - add user back to org,2023-12-05
GitHub,GitHub - information/help,2023-12-05
DNS,DNS/Domain,2023-12-05
SonarCloud,Sonarcloud,2023-12-05
GitHub,GitHub – add user to org,2023-12-06
GitHub,GitHub – add user to org,2023-12-06
GitHub,GitHub – add user to org,2023-12-06
GitHub,GitHub – add user to org,2023-12-06
GitHub,GitHub – add user to org,2023-12-06
GitHub,GitHub – add user to org,2023-12-06
1Password,1Password - add user,2023-12-06
1Password,1Password - add vault,2023-12-06
DockerHub,Dockerhub,2023-12-06
DNS,DNS/Domain,2023-12-06
Other,Refer to another team,2023-12-06
GitHub,GitHub – add user to org,2023-12-07
GitHub,GitHub – add user to org,2023-12-07
GitHub,GitHub – add user to org,2023-12-08
GitHub,GitHub – add user to org,2023-12-08
GitHub,GitHub – add user to org,2023-12-08
GitHub,GitHub – add user to team/repo,2023-12-08
GitHub,GitHub – add user to team/repo,2023-12-08
GitHub,GitHub - add user as maintainer,2023-12-08
GitHub,GitHub - add Renovate to repo,2023-12-08
Other,General information/help,2023-12-08
GitHub,GitHub – add user to org,2023-12-11
GitHub,GitHub – add user to org,2023-12-11
GitHub,GitHub – remove user from org,2023-12-11
1Password,1Password - add user,2023-12-11
1Password,1Password - add user,2023-12-11
Pingdom,Pingdom,2023-12-11
GitHub,GitHub – add user to org,2023-12-12
GitHub,GitHub – add user to org,2023-12-12
GitHub,GitHub - information/help,2023-12-12
1Password,1Password - add user,2023-12-12
1Password,1Password - add user,2023-12-12
1Password,1Password - add user,2023-12-12
Other,Refer to another team,2023-12-12
Other,Refer to another team,2023-12-12
Other,Refer to another team,2023-12-12
GitHub,GitHub – add user to org,2023-12-13
GitHub,GitHub – add user to org,2023-12-13
GitHub,GitHub - add user back to org,2023-12-13
GitHub,GitHub - add user as maintainer,2023-12-13
1Password,1Password - add user,2023-12-13
Other,Refer to another team,2023-12-13
Other,Leaver request,2023-12-13
GitHub,GitHub – add user to org,2023-12-14
GitHub,GitHub – remove user from org,2023-12-14
GitHub,GitHub – change repo permissions,2023-12-14
GitHub,GitHub – archive/unarchive repo,2023-12-14
DNS,DNS/Domain,2023-12-14
GitHub,GitHub – add user to org,2023-12-15
GitHub,GitHub – add user to org,2023-12-18
GitHub,GitHub – add user to org,2023-12-18
GitHub,GitHub - add user back to org,2023-12-18
GitHub,GitHub – add user to team/repo,2023-12-18
GitHub,GitHub - add user as maintainer,2023-12-18
GitHub,GitHub - other requests,2023-12-18
GitHub,GitHub - information/help,2023-12-18
GitHub,GitHub – add user to org,2023-12-19
GitHub,GitHub – add user to org,2023-12-19
GitHub,GitHub – add user to org,2023-12-19
GitHub,GitHub - add team to repo,2023-12-19
GitHub,GitHub – change repo permissions,2023-12-19
GitHub,GitHub – change repo permissions,2023-12-19
GitHub,GitHub – archive/unarchive repo,2023-12-19
GitHub,GitHub – archive/unarchive repo,2023-12-19
1Password,1Password - add user,2023-12-19
DNS,DNS/Domain,2023-12-19
GitHub,GitHub – add user to org,2023-12-20
GitHub,GitHub – add user to team/repo,2023-12-20
GitHub,GitHub – add user to team/repo,2023-12-20
Pagerduty,Pagerduty,2023-12-20
Other,General information/help,2023-12-21
GitHub,GitHub – add user to org,2023-12-22
Other,Leaver request,2023-12-27
GitHub,GitHub – add user to org,2023-12-28
GitHub,GitHub – add user to org,2023-12-29
GitHub,GitHub – add user to org,2024-01-02
GitHub,GitHub – add user to org,2024-01-02
GitHub,GitHub – add user to team/repo,2024-01-02
Certificates,Certificates,2024-01-02
CircleCi,CircleCi,2024-01-02
Other,Refer to another team,2024-01-02
Other,Refer to another team,2024-01-02
GitHub,GitHub – add user to org,2024-01-03
GitHub,GitHub – add user to org,2024-01-03
GitHub,GitHub – add user to org,2024-01-03
GitHub,GitHub – add user to org,2024-01-03
GitHub,GitHub - information_help,2024-01-03
SonarCloud,Sonarcloud,2024-01-03
GitHub,GitHub – add user to org,2024-01-04
GitHub,GitHub – remove user from team/repo,2024-01-04
GitHub,GitHub – remove user from team/repo,2024-01-04
GitHub,GitHub - information_help,2024-01-04
Certificates,Certificates,2024-01-04
DockerHub,Dockerhub,2024-01-04
DNS,DNS/Domain,2024-01-04
GitHub,GitHub – add user to org,2024-01-05
GitHub,GitHub – remove user from org,2024-01-05
GitHub,GitHub – add user to team/repo,2024-01-05
1Password,1Password - password recovery,2024-01-05
Certificates,Certificates,2024-01-05
Other,General information/help,2024-01-05
GitHub,GitHub – add user to org,2024-01-08
DNS,DNS/Domain,2024-01-08
DNS,DNS/Domain,2024-01-08
GitHub,GitHub – add user to org,2024-01-09
GitHub,GitHub – add user to org,2024-01-09
GitHub,GitHub – remove user from org,2024-01-09
GitHub,GitHub – add user to team/repo,2024-01-09
GitHub,GitHub - add Renovate to repo,2024-01-09
GitHub,GitHub - add Renovate to repo,2024-01-09
DockerHub,Dockerhub,2024-01-09
GitHub,GitHub – add user to org,2024-01-10
GitHub,GitHub – add user to org,2024-01-10
GitHub,GitHub – add user to team/repo,2024-01-10
GitHub,GitHub - other requests,2024-01-10
1Password,1Password - add user,2024-01-10
GitHub,GitHub – add user to org,2024-01-11
GitHub,GitHub – add user to org,2024-01-11
GitHub,GitHub – archive_unarchive repo,2024-01-11
AWS,AWS,2024-01-11
Other,General information/help,2024-01-11
Other,General information/help,2024-01-11
Other,General information/help,2024-01-11
Other,General information/help,2024-01-11
Other,Refer to another team,2024-01-11
GitHub,GitHub – add user to org,2024-01-12
GitHub,GitHub – add user to org,2024-01-12
GitHub,GitHub - information_help,2024-01-12
GitHub,GitHub – add user to org,2024-01-15
GitHub,GitHub – add user to org,2024-01-15
GitHub,GitHub – add user to org,2024-01-15
GitHub,GitHub – add user to org,2024-01-15
GitHub,GitHub – add user to org,2024-01-15
GitHub,GitHub – add user to org,2024-01-15
GitHub,GitHub – add user to team/repo,2024-01-15
GitHub,GitHub – add user to team/repo,2024-01-15
GitHub,GitHub – archive_unarchive repo,2024-01-15
GitHub,GitHub - add Renovate to repo,2024-01-15
GitHub,GitHub - add Renovate to repo,2024-01-15
GitHub,GitHub - add Renovate to repo,2024-01-15
1Password,1Password - password recovery,2024-01-15
DNS,DNS/Domain,2024-01-15
DNS,DNS/Domain,2024-01-15
Zenhub,Zenhub,2024-01-15
Other,Refer to another team,2024-01-15
GitHub,GitHub – add user to org,2024-01-16
GitHub,GitHub – add user to org,2024-01-16
GitHub,GitHub – add user to org,2024-01-16
GitHub,GitHub – add user to team/repo,2024-01-16
GitHub,GitHub – add user to team/repo,2024-01-16
GitHub,GitHub - information_help,2024-01-16
1Password,1Password - add user,2024-01-16
1Password,1Password - password recovery,2024-01-16
Other,Refer to another team,2024-01-16
GitHub,GitHub – add user to org,2024-01-17
GitHub,GitHub - add team to repo,2024-01-17
1Password,1Password - add user,2024-01-17
1Password,1Password - add user,2024-01-17
1Password,1Password - information/help,2024-01-17
1Password,1Password - information/help,2024-01-17
Pingdom,Pingdom,2024-01-17
Sentry,Sentry,2024-01-17
Other,General information/help,2024-01-17
GitHub,GitHub – add user to org,2024-01-18
GitHub,GitHub – add user to org,2024-01-18
GitHub,GitHub – add user to org,2024-01-18
GitHub,GitHub – add user to org,2024-01-18
1Password,1Password - add vault,2024-01-18
GitHub,GitHub – add user to org,2024-01-19
GitHub,GitHub – add user to org,2024-01-19
GitHub,GitHub – add user to org,2024-01-19
GitHub,GitHub – add user to org,2024-01-19
GitHub,GitHub - add Renovate to repo,2024-01-19
GitHub,GitHub - add Renovate to repo,2024-01-19
1Password,1Password - add user,2024-01-19
Pagerduty,Pagerduty,2024-01-19
Pagerduty,Pagerduty,2024-01-19
Pagerduty,Pagerduty,2024-01-19
GitHub,GitHub – add user to org,2024-01-22
GitHub,GitHub – add user to org,2024-01-22
GitHub,GitHub – add user to org,2024-01-22
GitHub,GitHub – add user to org,2024-01-22
GitHub,GitHub – remove user from org,2024-01-22
GitHub,GitHub - add user back to org,2024-01-22
GitHub,GitHub - add user back to org,2024-01-22
GitHub,GitHub – add user to team/repo,2024-01-22
1Password,1Password - password recovery,2024-01-22
1Password,1Password - information/help,2024-01-22
DNS,DNS/Domain,2024-01-22
DNS,DNS/Domain,2024-01-22
DNS,DNS/Domain,2024-01-22
Other,Refer to another team,2024-01-22
GitHub,GitHub – add user to org,2024-01-23
GitHub,GitHub – add user to org,2024-01-23
GitHub,GitHub – remove user from team/repo,2024-01-23
GitHub,GitHub – change repo permissions,2024-01-23
GitHub,GitHub - other requests,2024-01-23
GitHub,GitHub - other requests,2024-01-23
1Password,1Password - password recovery,2024-01-23
DNS,DNS/Domain,2024-01-23
DNS,DNS/Domain,2024-01-23
Pagerduty,Pagerduty,2024-01-23
Pagerduty,Pingdom,2024-01-23
Other,General information/help,2024-01-23
Other,Refer to another team,2024-01-23
GitHub,GitHub – add user to org,2024-01-24
GitHub,GitHub – add user to org,2024-01-24
GitHub,GitHub – add user to team/repo,2024-01-24
GitHub,GitHub – add user to team/repo,2024-01-24
AWS,AWS,2024-01-24
DNS,DNS/Domain,2024-01-24
DNS,DNS/Domain,2024-01-24
Other,General information/help,2024-01-24
Other,Leaver request,2024-01-24
GitHub,GitHub – add user to org,2024-01-25
GitHub,GitHub – add user to org,2024-01-25
GitHub,GitHub – add user to org,2024-01-25
GitHub,GitHub – add user to org,2024-01-25
GitHub,GitHub - information_help,2024-01-25
AWS,AWS,2024-01-25
DockerHub,Dockerhub,2024-01-25
DNS,DNS/Domain,2024-01-25
Other,General information/help,2024-01-25
GitHub,GitHub – add user to org,2024-01-28
GitHub,GitHub – add user to org,2024-01-28
GitHub,GitHub – add user to org,2024-01-28
GitHub,GitHub – add user to org,2024-01-28
GitHub,GitHub - add team to repo,2024-01-28
DNS,DNS/Domain,2024-01-28
GitHub,GitHub – add user to org,2024-01-29
GitHub,GitHub – add user to org,2024-01-29
GitHub,GitHub - other requests,2024-01-29
1Password,1Password - add user,2024-01-29
1Password,1Password - add user,2024-01-29
AWS,AWS,2024-01-29
DNS,DNS/Domain,2024-01-29
Pagerduty,Pagerduty,2024-01-29
Other,Refer to another team,2024-01-29
GitHub,GitHub – add user to org,2024-01-30
GitHub,GitHub – add user to org,2024-01-30
GitHub,GitHub - add team to repo,2024-01-30
GitHub,GitHub - information_help,2024-01-30
CircleCi,CircleCi,2024-01-30
DockerHub,Dockerhub,2024-01-30
DNS,DNS/Domain,2024-01-30
DNS,DNS/Domain,2024-01-30
Pagerduty,Pagerduty,2024-01-30
Other,Tools Information/help,2024-01-30
Other,Refer to another team,2024-01-30
GitHub,GitHub – add user to org,2024-01-31
GitHub,GitHub – add user to org,2024-01-31
GitHub,GitHub – add user to org,2024-01-31
GitHub,GitHub – add user to team/repo,2024-01-31
GitHub,GitHub - add team to repo,2024-01-31
GitHub,GitHub - add Renovate to repo,2024-01-31
GitHub,GitHub - information_help,2024-01-31
1Password,1Password - add vault,2024-01-31
AWS,AWS,2024-01-31
GitHub,GitHub – add user to org,2024-02-01
GitHub,GitHub – add user to org,2024-02-01
GitHub,GitHub – add user to org,2024-02-01
GitHub,GitHub - add Renovate to repo,2024-02-01
1Password,1Password - password recovery,2024-02-01
DNS,DNS/Domain,2024-02-01
DNS,DNS/Domain,2024-02-01
DNS,DNS/Domain,2024-02-01
GitHub,GitHub – add user to org,2024-02-02
GitHub,GitHub – add user to org,2024-02-02
GitHub,GitHub – add user to org,2024-02-02
GitHub,GitHub - add Renovate to repo,2024-02-02
GitHub,GitHub – add user to org,2024-02-05
GitHub,GitHub – add user to org,2024-02-05
GitHub,GitHub – add user to org,2024-02-05
GitHub,GitHub – add user to org,2024-02-05
GitHub,GitHub – add user to org,2024-02-05
GitHub,GitHub – add user to org,2024-02-05
GitHub,GitHub – add user to org,2024-02-05
GitHub,GitHub – add user to org,2024-02-05
GitHub,GitHub – add user to org,2024-02-05
GitHub,GitHub – add user to org,2024-02-05
GitHub,GitHub – add user to team/repo,2024-02-05
1Password,1Password - add user,2024-02-05
AWS,AWS,2024-02-05
Certificates,Certificates,2024-02-05
GitHub,GitHub – add user to org,2024-02-06
GitHub,GitHub – add user to org,2024-02-06
GitHub,GitHub – add user to org,2024-02-06
GitHub,GitHub – add user to org,2024-02-06
GitHub,GitHub – add user to org,2024-02-06
GitHub,GitHub – add user to org,2024-02-06
GitHub,GitHub – add user to org,2024-02-06
GitHub,GitHub – add user to org,2024-02-06
GitHub,GitHub – add user to org,2024-02-06
GitHub,GitHub - add user as maintainer,2024-02-06
GitHub,GitHub - add user as maintainer,2024-02-06
GitHub,GitHub – archive_unarchive repo,2024-02-06
GitHub,GitHub - add Renovate to repo,2024-02-06
AWS,AWS,2024-02-06
Other,General information/help,2024-02-06
GitHub,GitHub – add user to org,2024-02-07
GitHub,GitHub – add user to team/repo,2024-02-07
GitHub,GitHub - add user as maintainer,2024-02-07
GitHub,GitHub - information_help,2024-02-07
1Password,1Password - add user,2024-02-07
1Password,1Password - add user,2024-02-07
1Password,1Password - add user,2024-02-07
1Password,1Password - add user,2024-02-07
DockerHub,Dockerhub,2024-02-07
Other,Refer to another team,2024-02-07
GitHub,GitHub – add user to org,2024-02-08
GitHub,GitHub – add user to org,2024-02-08
GitHub,GitHub – add user to org,2024-02-08
GitHub,GitHub – add user to team/repo,2024-02-08
1Password,1Password - add user,2024-02-08
1Password,1Password - password recovery,2024-02-08
DockerHub,Dockerhub,2024-02-08
Pagerduty,Pagerduty,2024-02-08
Pingdom,Pingdom,2024-02-08
Other,Tools Information/help,2024-02-08
Other,Refer to another team,2024-02-08
GitHub,GitHub – remove user from team/repo,2024-02-09
1Password,1Password - add user,2024-02-09
AWS,AWS,2024-02-09
DNS,DNS/Domain,2024-02-09
Other,General information/help,2024-02-09
Other,General information/help,2024-02-09
Other,General information/help,2024-02-09
Other,Refer to another team,2024-02-09
Other,Refer to another team,2024-02-09
GitHub,GitHub – add user to org,2024-02-12
GitHub,GitHub – add user to org,2024-02-12
GitHub,GitHub – add user to org,2024-02-12
GitHub,GitHub – add user to org,2024-02-12
GitHub,GitHub – add user to org,2024-02-12
GitHub,GitHub – add user to org,2024-02-12
GitHub,GitHub – add user to org,2024-02-12
Certificates,Certificates,2024-02-12
Other,Tools Information/help,2024-02-12
Other,Tools Information/help,2024-02-12
Other,General information/help,2024-02-12
Other,General information/help,2024-02-12
Other,Refer to another team,2024-02-12
GitHub,GitHub – add user to org,2024-02-13
GitHub,GitHub – add user to org,2024-02-13
GitHub,GitHub – add user to org,2024-02-13
GitHub,GitHub – add user to org,2024-02-13
GitHub,GitHub - add Renovate to repo,2024-02-13
GitHub,GitHub - information_help,2024-02-13
GitHub,GitHub - information_help,2024-02-13
1Password,1Password - add user,2024-02-13
1Password,1Password - password recovery,2024-02-13
AWS,AWS,2024-02-13
AWS,AWS,2024-02-13
DockerHub,Dockerhub,2024-02-13
DockerHub,Dockerhub,2024-02-13
DNS,DNS/Domain,2024-02-13
Pingdom,Pingdom,2024-02-13
Other,Refer to another team,2024-02-13
Other,Refer to another team,2024-02-13
GitHub,GitHub – add user to org,2024-02-14
GitHub,GitHub – add user to org,2024-02-14
GitHub,GitHub – add user to org,2024-02-14
GitHub,GitHub - add user back to org,2024-02-14
GitHub,GitHub - add user back to org,2024-02-14
GitHub,GitHub - add user back to org,2024-02-14
GitHub,GitHub - information_help,2024-02-14
Certificates,Certificates,2024-02-14
DNS,DNS/Domain,2024-02-14
GitHub,GitHub – add user to org,2024-02-15
GitHub,GitHub - add user back to org,2024-02-15
GitHub,GitHub - add team to repo,2024-02-15
DockerHub,Dockerhub,2024-02-15
Other,General information/help,2024-02-15
Other,General information/help,2024-02-15
Other,Refer to another team,2024-02-15
1Password,1Password - add user,2024-02-16
DNS,DNS/Domain,2024-02-16
DNS,DNS/Domain,2024-02-16
DNS,DNS/Domain,2024-02-16
Other,Refer to another team,2024-02-16
Other,Refer to another team,2024-02-16
1Password,1Password - add user,2024-02-19
GitHub,GitHub – add user to org,2024-02-20
GitHub,GitHub – add user to org,2024-02-20
GitHub,GitHub – add user to org,2024-02-20
GitHub,GitHub – add user to org,2024-02-20
GitHub,GitHub - add team to repo,2024-02-20
GitHub,GitHub - add Renovate to repo,2024-02-20
Pagerduty,Pagerduty,2024-02-20
SonarCloud,Sonarcloud,2024-02-20
Other,General information/help,2024-02-20
GitHub,GitHub – add user to org,2024-02-21
GitHub,GitHub – add user to org,2024-02-21
GitHub,GitHub – add user to org,2024-02-21
GitHub,GitHub – add user to org,2024-02-21
GitHub,GitHub – add user to team/repo,2024-02-21
GitHub,GitHub – add user to team/repo,2024-02-21
GitHub,GitHub - other requests,2024-02-21
1Password,1Password - add user,2024-02-21
Pagerduty,Pagerduty,2024-02-21
Other,Refer to another team,2024-02-21
Other,Refer to another team,2024-02-21
GitHub,GitHub – add user to org,2024-02-22
GitHub,GitHub – add user to org,2024-02-22
GitHub,GitHub – add user to team/repo,2024-02-22
GitHub,GitHub – add user to team/repo,2024-02-22
GitHub,GitHub - information_help,2024-02-22
1Password,1Password - add user,2024-02-22
AWS,AWS,2024-02-22
Other,General information/help,2024-02-22
GitHub,GitHub – add user to org,2024-02-23
GitHub,GitHub – add user to org,2024-02-23
GitHub,GitHub – add user to org,2024-02-23
GitHub,GitHub – add user to org,2024-02-23
GitHub,GitHub – add user to team/repo,2024-02-23
GitHub,GitHub - add team to repo,2024-02-23
Other,Refer to another team,2024-02-23
GitHub,GitHub – add user to org,2024-02-26
GitHub,GitHub – add user to org,2024-02-26
GitHub,GitHub – add user to org,2024-02-26
GitHub,GitHub – add user to org,2024-02-26
GitHub,GitHub – remove user from org,2024-02-26
GitHub,GitHub - information_help,2024-02-26
GitHub,GitHub - information_help,2024-02-26
DockerHub,Dockerhub,2024-02-26
DNS,DNS/Domain,2024-02-26
DNS,DNS/Domain,2024-02-26
DNS,DNS/Domain,2024-02-26
DNS,DNS/Domain,2024-02-26
Pingdom,Pingdom,2024-02-26
Other,General information/help,2024-02-26
Other,Refer to another team,2024-02-26
Other,Refer to another team,2024-02-26
GitHub,GitHub – add user to org,2024-02-27
GitHub,GitHub – add user to org,2024-02-27
GitHub,GitHub – add user to org,2024-02-27
GitHub,GitHub – add user to org,2024-02-27
GitHub,GitHub – add user to org,2024-02-27
GitHub,GitHub – add user to org,2024-02-27
GitHub,GitHub – remove user from org,2024-02-27
GitHub,GitHub – add user to team/repo,2024-02-27
GitHub,GitHub – archive_unarchive repo,2024-02-27
GitHub,GitHub - information_help,2024-02-27
1Password,1Password - password recovery,2024-02-27
1Password,1Password - information/help,2024-02-27
1Password,1Password - information/help,2024-02-27
Certificates,Certificates,2024-02-27
DNS,DNS/Domain,2024-02-27
DNS,DNS/Domain,2024-02-27
Other,Tools Information/help,2024-02-27
Other,Tools Information/help,2024-02-27
GitHub,GitHub – add user to org,2024-02-28
GitHub,GitHub – add user to org,2024-02-28
GitHub,GitHub - information_help,2024-02-28
GitHub,GitHub - information_help,2024-02-28
1Password,1Password - add user,2024-02-28
1Password,1Password - information/help,2024-02-28
Certificates,Certificates,2024-02-28
DNS,DNS/Domain,2024-02-28
Other,General information/help,2024-02-28
Other,Refer to another team,2024-02-28
Other,Refer to another team,2024-02-28
GitHub,GitHub – add user to org,2024-02-29
GitHub,GitHub – add user to org,2024-02-29
GitHub,GitHub – add user to org,2024-02-29
GitHub,GitHub - add user back to org,2024-02-29
GitHub,GitHub - add user back to org,2024-02-29
GitHub,GitHub – archive_unarchive repo,2024-02-29
GitHub,GitHub - information_help,2024-02-29
DNS,DNS/Domain,2024-02-29
Pagerduty,Pagerduty,2024-02-29
Other,General information/help,2024-02-29
Other,Refer to another team,2024-02-29
Other,Refer to another team,2024-02-29
GitHub,GitHub – add user to org,2024-03-01
GitHub,GitHub – add user to org,2024-03-01
GitHub,GitHub – add user to org,2024-03-01
GitHub,GitHub – add user to org,2024-03-01
GitHub,GitHub - add user back to org,2024-03-01
GitHub,GitHub – add user to team/repo,2024-03-01
GitHub,GitHub – add user to org,2024-03-04
GitHub,GitHub – add user to org,2024-03-04
GitHub,GitHub – add user to org,2024-03-04
GitHub,GitHub – add user to org,2024-03-04
GitHub,GitHub – add user to org,2024-03-04
GitHub,GitHub - add user back to org,2024-03-04
GitHub,GitHub – add user to team/repo,2024-03-04
GitHub,GitHub – remove user from team/repo,2024-03-04
GitHub,GitHub - add Renovate to repo,2024-03-04
Certificates,Certificates,2024-03-04
Pagerduty,Pagerduty,2024-03-04
Other,Tools Information/help,2024-03-04
Other,General information/help,2024-03-04
GitHub,GitHub – add user to org,2024-03-05
GitHub,GitHub – add user to org,2024-03-05
GitHub,GitHub – add user to org,2024-03-05
GitHub,GitHub – add user to org,2024-03-05
GitHub,GitHub – add user to org,2024-03-05
GitHub,GitHub – add user to org,2024-03-05
GitHub,GitHub – add user to org,2024-03-05
GitHub,GitHub – add user to org,2024-03-05
GitHub,GitHub – add user to org,2024-03-05
GitHub,GitHub – add user to org,2024-03-05
GitHub,GitHub – add user to org,2024-03-05
GitHub,GitHub – remove user from org,2024-03-05
GitHub,GitHub – remove user from team/repo,2024-03-05
GitHub,GitHub - add user as maintainer,2024-03-05
GitHub,GitHub - information_help,2024-03-05
GitHub,GitHub - information_help,2024-03-05
Other,Refer to another team,2024-03-05
Other,Refer to another team,2024-03-05
GitHub,GitHub – add user to org,2024-03-06
GitHub,GitHub - information_help,2024-03-06
GitHub,GitHub - information_help,2024-03-06
1Password,1Password - information/help,2024-03-06
CircleCi,CircleCi,2024-03-06
DNS,DNS/Domain,2024-03-06
Other,General information/help,2024-03-06
Other,General information/help,2024-03-06
GitHub,GitHub – add user to org,2024-03-07
GitHub,GitHub – add user to org,2024-03-07
GitHub,GitHub – remove user from org,2024-03-07
GitHub,GitHub – add user to team/repo,2024-03-07
GitHub,GitHub - information_help,2024-03-07
API,API Key,2024-03-07
DNS,DNS/Domain,2024-03-07
Other,Refer to another team,2024-03-07
Other,Refer to another team,2024-03-07
Other,Refer to another team,2024-03-07
Other,Refer to another team,2024-03-07
GitHub,GitHub – add user to org,2024-03-08
GitHub,GitHub - add user back to org,2024-03-08
GitHub,GitHub - other requests,2024-03-08
GitHub,GitHub - information_help,2024-03-08
AWS,AWS,2024-03-08
DNS,DNS/Domain,2024-03-08
DNS,DNS/Domain,2024-03-08
Other,Refer to another team,2024-03-08
GitHub,GitHub – add user to org,2024-03-11
GitHub,GitHub – add user to org,2024-03-11
GitHub,GitHub – add user to org,2024-03-11
GitHub,GitHub - add user back to org,2024-03-11
GitHub,GitHub – add user to team/repo,2024-03-11
GitHub,GitHub - information_help,2024-03-11
Other,General information/help,2024-03-11
Other,Refer to another team,2024-03-11
GitHub,GitHub – add user to org,2024-03-12
GitHub,GitHub – add user to org,2024-03-12
GitHub,GitHub – remove user from org,2024-03-12
1Password,1Password - add user,2024-03-12
Certificates,Certificates,2024-03-12
Other,Tools Information/help,2024-03-12
Other,Refer to another team,2024-03-12
Other,Refer to another team,2024-03-12
GitHub,GitHub – add user to org,2024-03-13
GitHub,GitHub – add user to org,2024-03-13
GitHub,GitHub – add user to org,2024-03-13
GitHub,GitHub – add user to org,2024-03-13
GitHub,GitHub – add user to org,2024-03-13
GitHub,GitHub – add user to org,2024-03-13
GitHub,GitHub – add user to org,2024-03-13
GitHub,GitHub - add user back to org,2024-03-13
GitHub,GitHub - add user back to org,2024-03-13
GitHub,GitHub – create team,2024-03-13
GitHub,GitHub - information_help,2024-03-13
GitHub,GitHub - information_help,2024-03-13
1Password,1Password - add user,2024-03-13
1Password,1Password - password recovery,2024-03-13
DNS,DNS/Domain,2024-03-13
DNS,DNS/Domain,2024-03-13
Other,Tools Information/help,2024-03-13
Other,Refer to another team,2024-03-13
Other,Refer to another team,2024-03-13
GitHub,GitHub – add user to org,2024-03-14
GitHub,GitHub – add user to org,2024-03-14
GitHub,GitHub - add user back to org,2024-03-14
GitHub,GitHub – add external collaborator,2024-03-14
AWS,AWS,2024-03-14
DockerHub,Dockerhub,2024-03-14
DockerHub,Dockerhub,2024-03-14
Pingdom,Pingdom,2024-03-14
Other,Refer to another team,2024-03-14
GitHub,GitHub – add user to org,2024-03-15
GitHub,GitHub – add user to org,2024-03-15
GitHub,GitHub – add user to org,2024-03-15
GitHub,GitHub – add user to org,2024-03-15
GitHub,GitHub – add user to org,2024-03-15
API,API Key,2024-03-15
Sentry,Sentry,2024-03-15
Other,Refer to another team,2024-03-15
GitHub,GitHub – add user to org,2024-03-18
GitHub,GitHub – add user to org,2024-03-18
GitHub,GitHub – add user to org,2024-03-18
GitHub,GitHub – add user to org,2024-03-18
GitHub,GitHub – add user to org,2024-03-18
GitHub,GitHub – add user to org,2024-03-18
GitHub,GitHub – remove user from org,2024-03-18
GitHub,GitHub - add user back to org,2024-03-18
GitHub,GitHub – archive_unarchive repo,2024-03-18
GitHub,GitHub - other requests,2024-03-18
GitHub,GitHub - information_help,2024-03-18
GitHub,GitHub - information_help,2024-03-18
Certificates,Certificates,2024-03-18
DockerHub,Dockerhub,2024-03-18
DNS,DNS/Domain,2024-03-18
Other,Tools Information/help,2024-03-18
Other,Refer to another team,2024-03-18
Other,Refer to another team,2024-03-18
Other,Refer to another team,2024-03-18
GitHub,GitHub – add user to org,2024-03-19
GitHub,GitHub – remove user from org,2024-03-19
GitHub,GitHub - add user back to org,2024-03-19
GitHub,GitHub – add user to team/repo,2024-03-19
GitHub,GitHub – add user to team/repo,2024-03-19
GitHub,GitHub - other requests,2024-03-19
1Password,1Password - add user,2024-03-19
1Password,1Password - password recovery,2024-03-19
DNS,DNS/Domain,2024-03-19
DNS,DNS/Domain,2024-03-19
Pingdom,Pingdom,2024-03-19
GitHub,GitHub – add user to org,2024-03-20
GitHub,GitHub - add user back to org,2024-03-20
GitHub,GitHub – add user to team/repo,2024-03-20
GitHub,GitHub - add user as maintainer,2024-03-20
GitHub,GitHub - add user as maintainer,2024-03-20
GitHub,GitHub - information_help,2024-03-20
GitHub,GitHub - information_help,2024-03-20
1Password,1Password - add user,2024-03-20
AWS,AWS,2024-03-20
Certificates,Certificates,2024-03-20
Pagerduty,Pagerduty,2024-03-20
Pingdom,Pingdom,2024-03-20
Pingdom,Pingdom,2024-03-20
GitHub,GitHub – add user to org,2024-03-21
GitHub,GitHub – add user to org,2024-03-21
GitHub,GitHub – add user to org,2024-03-21
CircleCi,CircleCi,2024-03-21
Other,General information/help,2024-03-21
Other,Refer to another team,2024-03-21
GitHub,GitHub – add user to org,2024-03-22
DNS,DNS/Domain,2024-03-22
DNS,DNS/Domain,2024-03-22
Other,General information/help,2024-03-22
Other,Refer to another team,2024-03-22
GitHub,GitHub – add user to org,2024-03-25
GitHub,GitHub – remove user from org,2024-03-25
DNS,DNS/Domain,2024-03-25
Other,General information/help,2024-03-25
Other,Refer to another team,2024-03-25
GitHub,GitHub – add user to org,2024-03-26
GitHub,GitHub – add user to org,2024-03-26
GitHub,GitHub – remove user from org,2024-03-26
GitHub,GitHub – remove user from team/repo,2024-03-26
GitHub,GitHub - add Renovate to repo,2024-03-26
GitHub,GitHub - add Renovate to repo,2024-03-26
GitHub,GitHub - information_help,2024-03-26
1Password,1Password - information/help,2024-03-26
SonarCloud,Sonarcloud,2024-03-26
Other,General information/help,2024-03-26
GitHub,GitHub – add user to org,2024-03-27
GitHub,GitHub – add user to org,2024-03-27
GitHub,GitHub – add user to org,2024-03-27
GitHub,GitHub - add user back to org,2024-03-27
GitHub,GitHub - add user back to org,2024-03-27
GitHub,GitHub - add user back to org,2024-03-27
GitHub,GitHub – add user to team/repo,2024-03-27
GitHub,GitHub - add Renovate to repo,2024-03-27
AWS,AWS,2024-03-27
DNS,DNS/Domain,2024-03-27
Sentry,Sentry,2024-03-27
Other,General information/help,2024-03-27
GitHub,GitHub – add user to org,2024-03-28
GitHub,GitHub – add user to org,2024-03-28
GitHub,GitHub – add user to org,2024-03-28
GitHub,GitHub – remove user from org,2024-03-28
GitHub,GitHub - add user back to org,2024-03-28
GitHub,GitHub - manage external collaborator,2024-03-28
GitHub,GitHub - manage external collaborator,2024-03-28
GitHub,GitHub – change repo permissions,2024-03-28
GitHub,GitHub - add Renovate to repo,2024-03-28
Pingdom,Pingdom,2024-03-28
Other,General information/help,2024-03-28
GitHub,GitHub – add user to org,2024-04-02
GitHub,GitHub – add user to org,2024-04-02
GitHub,GitHub – add user to org,2024-04-02
GitHub,GitHub – add user to org,2024-04-02
GitHub,GitHub – remove user from org,2024-04-02
GitHub,GitHub – add user to team/repo,2024-04-02
GitHub,GitHub – remove user from team/repo,2024-04-02
GitHub,GitHub - add user as maintainer,2024-04-02
GitHub,GitHub - information/help,2024-04-02
GitHub,GitHub - information/help,2024-04-02
Certificates,Certificates,2024-04-02
Certificates,Certificates,2024-04-02
DNS,DNS/Domain,2024-04-02
DNS,DNS/Domain,2024-04-02
DNS,DNS/Domain,2024-04-02
GitHub,GitHub – add user to org,2024-04-03
GitHub,GitHub – add user to org,2024-04-03
GitHub,GitHub – add user to org,2024-04-03
GitHub,GitHub – add user to org,2024-04-03
GitHub,GitHub – add user to org,2024-04-03
GitHub,GitHub – add user to org,2024-04-03
GitHub,GitHub – add user to org,2024-04-03
GitHub,GitHub - add user back to org,2024-04-03
1Password,1Password - add user,2024-04-03
Certificates,Certificates,2024-04-03
DNS,DNS/Domain,2024-04-03
DNS,DNS/Domain,2024-04-03
Pagerduty,Pagerduty,2024-04-03
Pingdom,Pingdom,2024-04-03
Pingdom,Pingdom,2024-04-03
Other,Refer to another team,2024-04-03
GitHub,GitHub – add user to org,2024-04-04
GitHub,GitHub – add user to org,2024-04-04
GitHub,GitHub – add user to org,2024-04-04
1Password,1Password - add user,2024-04-04
Other,General infomation/help,2024-04-04
GitHub,GitHub – add user to org,2024-04-05
GitHub,GitHub – add user to org,2024-04-05
1Password,1Password - add user,2024-04-05
1Password,1Password - add user,2024-04-05
1Password,1Password - add user,2024-04-05
DockerHub,Dockerhub,2024-04-05
Other,General infomation/help,2024-04-05
GitHub,GitHub – add user to org,2024-04-08
GitHub,GitHub – add user to org,2024-04-08
GitHub,GitHub - add user back to org,2024-04-08
GitHub,GitHub - add user back to org,2024-04-08
GitHub,GitHub - add Renovate to repo,2024-04-08
GitHub,GitHub - information/help,2024-04-08
GitHub,GitHub - information/help,2024-04-08
1Password,1Password - add user,2024-04-08
Other,General infomation/help,2024-04-08
Other,General infomation/help,2024-04-08
GitHub,GitHub – add user to org,2024-04-09
GitHub,GitHub – add user to org,2024-04-09
GitHub,GitHub – add user to org,2024-04-09
GitHub,GitHub – add user to team/repo,2024-04-09
GitHub,GitHub – change repo permissions,2024-04-09
GitHub,GitHub - information/help,2024-04-09
1Password,1Password - password recovery,2024-04-09
Certificates,Certificates,2024-04-09
CircleCi,CircleCi,2024-04-09
DNS,DNS/Domain,2024-04-09
SonarCloud,Sonarcloud,2024-04-09
Other,General infomation/help,2024-04-09
GitHub,GitHub – add user to org,2024-04-10
GitHub,GitHub – add user to org,2024-04-10
GitHub,GitHub - add user back to org,2024-04-10
GitHub,GitHub - other requests,2024-04-10
GitHub,GitHub - information/help,2024-04-10
Other,General infomation/help,2024-04-10
GitHub,GitHub – add user to org,2024-04-11
GitHub,GitHub – add user to org,2024-04-11
GitHub,GitHub – add user to org,2024-04-11
GitHub,GitHub – add user to org,2024-04-11
GitHub,GitHub – add user to org,2024-04-11
GitHub,GitHub – add user to org,2024-04-11
GitHub,GitHub – remove user from org,2024-04-11
GitHub,GitHub - add Renovate to repo,2024-04-11
GitHub,GitHub - add Renovate to repo,2024-04-11
CircleCi,CircleCi,2024-04-11
Pingdom,Pingdom,2024-04-11
GitHub,GitHub – add user to org,2024-04-12
GitHub,GitHub – remove user from org,2024-04-12
GitHub,GitHub - other requests,2024-04-12
AWS,AWS,2024-04-12
DNS,DNS/Domain,2024-04-12
DNS,DNS/Domain,2024-04-12
Other,General infomation/help,2024-04-12
GitHub,GitHub – add user to org,2024-04-15
GitHub,GitHub – add user to org,2024-04-15
GitHub,GitHub – add user to org,2024-04-15
GitHub,GitHub – add user to team/repo,2024-04-15
GitHub,GitHub – archive/unarchive repo,2024-04-15
1Password,1Password - add user,2024-04-15
1Password,1Password - add user,2024-04-15
1Password,1Password - add vault,2024-04-15
DNS,DNS/Domain,2024-04-15
DNS,DNS/Domain,2024-04-15
DNS,DNS/Domain,2024-04-15
DNS,DNS/Domain,2024-04-15
Other,General infomation/help,2024-04-15
Other,General infomation/help,2024-04-15
Other,Refer to another team,2024-04-15
GitHub,GitHub – add user to org,2024-04-16
GitHub,GitHub – add user to org,2024-04-16
GitHub,GitHub – add user to org,2024-04-16
GitHub,GitHub – add user to org,2024-04-16
GitHub,GitHub – add user to org,2024-04-16
GitHub,GitHub – add user to org,2024-04-16
GitHub,GitHub – add user to org,2024-04-16
GitHub,GitHub – add user to org,2024-04-16
GitHub,GitHub - add user back to org,2024-04-16
GitHub,GitHub – change repo permissions,2024-04-16
API,API Key,2024-04-16
Certificates,Certificates,2024-04-16
DNS,DNS/Domain,2024-04-16
Other,Refer to another team,2024-04-16
Other,Refer to another team,2024-04-16
GitHub,GitHub – add user to org,2024-04-17
GitHub,GitHub – add user to org,2024-04-17
GitHub,GitHub - information/help,2024-04-17
GitHub,GitHub - information/help,2024-04-17
CircleCi,CircleCi,2024-04-17
DNS,DNS/Domain,2024-04-17
DNS,DNS/Domain,2024-04-17
GitHub,GitHub – add user to org,2024-04-18
GitHub,GitHub - other requests,2024-04-18
1Password,1Password - add user,2024-04-18
1Password,1Password - password recovery,2024-04-18
Other,Refer to another team,2024-04-18
GitHub,GitHub – add user to org,2024-04-19
GitHub,GitHub – add user to org,2024-04-19
GitHub,GitHub – add user to org,2024-04-19
GitHub,GitHub – add user to org,2024-04-19
GitHub,GitHub – add user to org,2024-04-19
GitHub,GitHub - add user back to org,2024-04-19
GitHub,GitHub - add user back to org,2024-04-19
GitHub,GitHub – add user to team/repo,2024-04-19
GitHub,GitHub – archive/unarchive repo,2024-04-19
1Password,1Password - information/help,2024-04-19
DNS,DNS/Domain,2024-04-19
Pingdom,Pingdom,2024-04-19
Other,General infomation/help,2024-04-19
Other,Refer to another team,2024-04-19
Other,Refer to another team,2024-04-19
GitHub,GitHub – add user to org,2024-04-22
GitHub,GitHub – remove user from org,2024-04-22
GitHub,GitHub - add user back to org,2024-04-22
GitHub,GitHub - add user back to org,2024-04-22
GitHub,GitHub - add user back to org,2024-04-22
GitHub,GitHub - add user back to org,2024-04-22
GitHub,GitHub - add user back to org,2024-04-22
GitHub,GitHub - add user back to org,2024-04-22
GitHub,GitHub – add user to team/repo,2024-04-22
GitHub,GitHub - add user as maintainer,2024-04-22
GitHub,GitHub – add external collaborator,2024-04-22
GitHub,GitHub - information/help,2024-04-22
CircleCi,CircleCi,2024-04-22
DNS,DNS/Domain,2024-04-22
DNS,DNS/Domain,2024-04-22
DNS,DNS/Domain,2024-04-22
DNS,DNS/Domain,2024-04-22
Other,Tools Information/help,2024-04-22
Other,General infomation/help,2024-04-22
Other,Refer to another team,2024-04-22
Other,Refer to another team,2024-04-22
Other,Refer to another team,2024-04-22
GitHub,GitHub – add user to org,2024-04-23
GitHub,GitHub - add user back to org,2024-04-23
GitHub,GitHub - add user back to org,2024-04-23
GitHub,GitHub - add user back to org,2024-04-23
GitHub,GitHub - add user back to org,2024-04-23
GitHub,GitHub – archive/unarchive repo,2024-04-23
GitHub,GitHub - information/help,2024-04-23
1Password,1Password - password recovery,2024-04-23
AWS,AWS,2024-04-23
CircleCi,CircleCi,2024-04-23
DNS,DNS/Domain,2024-04-23
Pingdom,Pingdom,2024-04-23
Other,Refer to another team,2024-04-23
GitHub,GitHub – add user to org,2024-04-24
GitHub,GitHub – add user to org,2024-04-24
GitHub,GitHub – add user to org,2024-04-24
GitHub,GitHub – add user to org,2024-04-24
GitHub,GitHub – add user to org,2024-04-24
GitHub,GitHub – add external collaborator,2024-04-24
1Password,1Password - add user,2024-04-24
1Password,1Password - password recovery,2024-04-24
AWS,AWS,2024-04-24
Pingdom,Sentry,2024-04-24
Pingdom,Sentry,2024-04-24
Other,Refer to another team,2024-04-24
Other,Refer to another team,2024-04-24
Other,Refer to another team,2024-04-24
Sentry,Sentry,2024-04-24
GitHub,GitHub – add user to org,2024-04-25
GitHub,GitHub – add user to org,2024-04-25
GitHub,GitHub – add user to org,2024-04-25
1Password,1Password - add user,2024-04-25
1Password,1Password - information/help,2024-04-25
AWS,AWS,2024-04-25
CircleCi,CircleCi,2024-04-25
DNS,DNS/Domain,2024-04-25
Other,Tools Information/help,2024-04-25
GitHub,GitHub – add user to org,2024-04-26
GitHub,GitHub - add user as maintainer,2024-04-26
GitHub,GitHub - information/help,2024-04-26
GitHub,GitHub - information/help,2024-04-26
1Password,1Password - add user,2024-04-26
1Password,1Password - information/help,2024-04-26
Certificates,Certificates,2024-04-26
DNS,DNS/Domain,2024-04-26
Other,Tools Information/help,2024-04-26
Other,Refer to another team,2024-04-26
GitHub,GitHub – add user to org,2024-04-29
GitHub,GitHub – add user to org,2024-04-29
GitHub,GitHub – add user to org,2024-04-29
GitHub,GitHub – add user to org,2024-04-29
GitHub,GitHub – add user to org,2024-04-29
GitHub,GitHub - add user back to org,2024-04-29
GitHub,GitHub - add Renovate to repo,2024-04-29
GitHub,GitHub - information/help,2024-04-29
1Password,1Password - add user,2024-04-29
1Password,1Password - add user,2024-04-29
Pingdom,Pingdom,2024-04-29
Other,Refer to another team,2024-04-29
GitHub,GitHub – add user to org,2024-04-30
GitHub,GitHub – add user to org,2024-04-30
GitHub,GitHub – add user to org,2024-04-30
GitHub,GitHub – archive/unarchive repo,2024-04-30
GitHub,GitHub – archive/unarchive repo,2024-04-30
GitHub,GitHub - other requests,2024-04-30
GitHub,GitHub - information/help,2024-04-30
Certificates,Certificates,2024-04-30
DNS,DNS/Domain,2024-04-30
Other,Refer to another team,2024-04-30
Other,Refer to another team,2024-04-30
GitHub,GitHub – add user to org,2024-05-01
GitHub,GitHub – add user to org,2024-05-01
GitHub,GitHub – add user to org,2024-05-01
GitHub,GitHub – add user to org,2024-05-01
GitHub,GitHub - other requests,2024-05-01
GitHub,GitHub - other requests,2024-05-01
1Password,1Password - add user,2024-05-01
1Password,1Password - add user,2024-05-01
1Password,1Password - add user,2024-05-01
AWS,AWS,2024-05-01
Certificates,Certificates,2024-05-01
Other,Refer to another team,2024-05-01
Other,Refer to another team,2024-05-01
GitHub,GitHub – add user to org,2024-05-02
GitHub,GitHub – add user to org,2024-05-02
GitHub,GitHub - add user back to org,2024-05-02
GitHub,GitHub – add user to team/repo,2024-05-02
GitHub,GitHub – add user to team/repo,2024-05-02
GitHub,GitHub - information/help,2024-05-02
AWS,AWS,2024-05-02
DockerHub,Dockerhub,2024-05-02
DNS,DNS/Domain,2024-05-02
GitHub,GitHub – add user to org,2024-05-03
GitHub,GitHub – add user to org,2024-05-03
GitHub,GitHub – add user to org,2024-05-03
GitHub,GitHub – add user to org,2024-05-03
GitHub,GitHub – add user to team/repo,2024-05-03
GitHub,GitHub – add user to team/repo,2024-05-03
GitHub,GitHub - information/help,2024-05-03
1Password,1Password - information/help,2024-05-03
GitHub,GitHub – add user to org,2024-05-07
GitHub,GitHub – add user to org,2024-05-07
GitHub,GitHub – add user to org,2024-05-07
GitHub,GitHub – add user to team/repo,2024-05-07
GitHub,GitHub - information/help,2024-05-07
Certificates,Certificates,2024-05-07
SonarCloud,Sonarcloud,2024-05-07
GitHub,GitHub – add user to org,2024-05-08
GitHub,GitHub – add user to org,2024-05-08
1Password,1Password - add user,2024-05-08
1Password,1Password - add user,2024-05-08
1Password,1Password - information/help,2024-05-08
Other,Tools Information/help,2024-05-08
Other,Refer to another team,2024-05-08
Other,Refer to another team,2024-05-08
GitHub,GitHub – add user to org,2024-05-09
GitHub,GitHub – add user to org,2024-05-09
GitHub,GitHub – add user to org,2024-05-09
GitHub,GitHub – add user to team/repo,2024-05-09
GitHub,GitHub – add user to team/repo,2024-05-09
GitHub,GitHub – archive/unarchive repo,2024-05-09
GitHub,GitHub - add Renovate to repo,2024-05-09
GitHub,GitHub - information/help,2024-05-09
1Password,1Password - add user,2024-05-09
DNS,DNS/Domain,2024-05-09
Other,Tools Information/help,2024-05-09
Other,General infomation/help,2024-05-09
GitHub,GitHub – add user to team/repo,2024-05-10
GitHub,GitHub - add team to repo,2024-05-10
GitHub,GitHub - add user as maintainer,2024-05-10
GitHub,GitHub – archive/unarchive repo,2024-05-10
GitHub,GitHub - add Renovate to repo,2024-05-10
GitHub,GitHub – add user to org,2024-05-13
GitHub,GitHub – add user to org,2024-05-13
GitHub,GitHub – add user to org,2024-05-13
GitHub,GitHub – add user to org,2024-05-13
GitHub,GitHub – add user to org,2024-05-13
GitHub,GitHub – add user to org,2024-05-13
GitHub,GitHub – remove user from org,2024-05-13
GitHub,GitHub - other requests,2024-05-13
1Password,1Password - information/help,2024-05-13
AWS,AWS,2024-05-13
Other,Refer to another team,2024-05-13
Other,Refer to another team,2024-05-13
GitHub,GitHub – add user to org,2024-05-14
GitHub,GitHub – add user to org,2024-05-14
GitHub,GitHub – add user to team/repo,2024-05-14
Other,General infomation/help,2024-05-14
GitHub,GitHub – add user to org,2024-05-15
GitHub,GitHub – add user to org,2024-05-15
GitHub,GitHub – add user to org,2024-05-15
GitHub,GitHub – add user to org,2024-05-15
Pingdom,Pingdom,2024-05-15
Other,General infomation/help,2024-05-15
Other,Refer to another team,2024-05-15
Other,Refer to another team,2024-05-15
GitHub,GitHub – add user to org,2024-05-16
GitHub,GitHub – add user to team/repo,2024-05-16
GitHub,GitHub - add Renovate to repo,2024-05-16
GitHub,GitHub - information/help,2024-05-16
Other,General infomation/help,2024-05-16
GitHub,GitHub – add user to org,2024-05-17
GitHub,GitHub – add user to org,2024-05-17
GitHub,GitHub – remove user from org,2024-05-17
GitHub,GitHub – add user to team/repo,2024-05-17
GitHub,GitHub – add external collaborator,2024-05-17
GitHub,GitHub - information/help,2024-05-17
Other,General infomation/help,2024-05-17
GitHub,GitHub – add user to org,2024-05-20
GitHub,GitHub – add user to org,2024-05-20
GitHub,GitHub – add user to org,2024-05-20
GitHub,GitHub – add user to org,2024-05-20
GitHub,GitHub – add user to org,2024-05-20
GitHub,GitHub – add user to org,2024-05-20
GitHub,GitHub – add user to org,2024-05-20
GitHub,GitHub - add user back to org,2024-05-20
GitHub,GitHub – add external collaborator,2024-05-20
GitHub,GitHub - add Renovate to repo,2024-05-20
GitHub,GitHub – add user to org,2024-05-21
GitHub,GitHub – add user to org,2024-05-21
GitHub,GitHub – add user to org,2024-05-21
GitHub,GitHub – add user to org,2024-05-21
GitHub,GitHub – add user to org,2024-05-21
GitHub,GitHub – remove user from org,2024-05-21
GitHub,GitHub – add user to team/repo,2024-05-21
GitHub,GitHub - add team to repo,2024-05-21
1Password,1Password - add user,2024-05-21
DockerHub,Dockerhub,2024-05-21
DockerHub,Dockerhub,2024-05-21
DNS,DNS/Domain,2024-05-21
Other,Tools Information/help,2024-05-21
Other,Refer to another team,2024-05-21
Other,Refer to another team,2024-05-21
GitHub,GitHub - information/help,2024-05-21
GitHub,GitHub – add user to org,2024-05-22
GitHub,GitHub – add user to org,2024-05-22
GitHub,GitHub – add user to org,2024-05-22
GitHub,GitHub – add user to org,2024-05-22
GitHub,GitHub – add user to org,2024-05-22
GitHub,GitHub – add user to org,2024-05-22
GitHub,GitHub - add team to repo,2024-05-22
GitHub,GitHub – archive/unarchive repo,2024-05-22
GitHub,GitHub - information/help,2024-05-22
1Password,1Password - add user,2024-05-22
AWS,AWS,2024-05-22
AWS,AWS,2024-05-22
AWS,AWS,2024-05-22
DNS,DNS/Domain,2024-05-22
DNS,DNS/Domain,2024-05-22
DNS,DNS/Domain,2024-05-22
Other,Refer to another team,2024-05-22
Other,Refer to another team,2024-05-22
GitHub,GitHub – add user to org,2024-05-23
GitHub,GitHub – add user to org,2024-05-23
GitHub,GitHub – add user to org,2024-05-23
GitHub,GitHub – add user to org,2024-05-23
GitHub,GitHub – remove user from org,2024-05-23
GitHub,GitHub – add user to team/repo,2024-05-23
GitHub,GitHub - add user as maintainer,2024-05-23
GitHub,GitHub - information/help,2024-05-23
Certificates,Certificates,2024-05-23
DNS,DNS/Domain,2024-05-23
Pagerduty,Pagerduty,2024-05-23
SonarCloud,Sonarcloud,2024-05-23
Other,General infomation/help,2024-05-23
Other,Refer to another team,2024-05-23
Other,Leaver request,2024-05-23
GitHub,GitHub – add user to team/repo,2024-05-24
1Password,1Password - password recovery,2024-05-24
CircleCi,CircleCi,2024-05-24
DNS,DNS/Domain,2024-05-24
Other,Refer to another team,2024-05-24
DNS,DNS/Domain,2024-05-27
GitHub,GitHub – add user to org,2024-05-28
GitHub,GitHub – add user to org,2024-05-28
GitHub,GitHub - add team to repo,2024-05-28
GitHub,GitHub - information/help,2024-05-28
Other,Refer to another team,2024-05-28
AWS,AWS,2024-05-28
GitHub,GitHub – add user to org,2024-05-29
GitHub,GitHub – add user to org,2024-05-29
GitHub,GitHub – add user to org,2024-05-29
GitHub,GitHub – add user to org,2024-05-29
1Password,1Password - password recovery,2024-05-29
AWS,AWS,2024-05-29
DNS,DNS/Domain,2024-05-29
DNS,DNS/Domain,2024-05-29
GitHub,GitHub – add user to org,2024-05-30
GitHub,GitHub – add user to org,2024-05-30
GitHub,GitHub – add external collaborator,2024-05-30
GitHub,GitHub – add external collaborator,2024-05-30
GitHub,GitHub - other requests,2024-05-30
GitHub,GitHub - information/help,2024-05-30
AWS,AWS,2024-05-30
DNS,DNS/Domain,2024-05-30
Pingdom,Pingdom,2024-05-30
Pingdom,Pingdom,2024-05-30
Other,General infomation/help,2024-05-30
GitHub,GitHub – add external collaborator,2024-05-31
GitHub,GitHub - information/help,2024-05-31
GitHub,GitHub - information/help,2024-05-31
1Password,1Password - information/help,2024-05-31
CircleCi,CircleCi,2024-05-31
DNS,DNS/Domain,2024-05-31
DNS,DNS/Domain,2024-05-31
GitHub,GitHub – add user to org,2024-06-03
GitHub,GitHub – add user to org,2024-06-03
GitHub,GitHub – add user to org,2024-06-03
GitHub,GitHub - add Renovate to repo,2024-06-03
GitHub,GitHub - information/help,2024-06-03
GitHub,GitHub - information/help,2024-06-03
DockerHub,Dockerhub,2024-06-03
DockerHub,Dockerhub,2024-06-03
DNS,DNS/Domain,2024-06-03
DNS,DNS/Domain,2024-06-03
DNS,DNS/Domain,2024-06-03
DNS,DNS/Domain,2024-06-03
Pingdom,Pingdom,2024-06-03
Pingdom,Pingdom,2024-06-03
Other,Tools Information/help,2024-06-03
Other,General infomation/help,2024-06-03
GitHub,GitHub – add user to org,2024-06-04
GitHub,GitHub – add user to org,2024-06-04
GitHub,GitHub – add user to org,2024-06-04
GitHub,GitHub – add user to org,2024-06-04
GitHub,GitHub – add user to org,2024-06-04
GitHub,GitHub - add user as maintainer,2024-06-04
GitHub,GitHub - add Renovate to repo,2024-06-04
GitHub,GitHub - add Renovate to repo,2024-06-04
1Password,1Password - add user,2024-06-04
DockerHub,Dockerhub,2024-06-04
DNS,DNS/Domain,2024-06-04
Other,General infomation/help,2024-06-04
Other,Leaver request,2024-06-04
GitHub,GitHub – add user to org,2024-06-05
GitHub,GitHub – add user to org,2024-06-05
GitHub,GitHub – add user to org,2024-06-05
GitHub,GitHub - add team to repo,2024-06-05
GitHub,GitHub - information/help,2024-06-05
GitHub,GitHub - information/help,2024-06-05
DNS,DNS/Domain,2024-06-05
DNS,DNS/Domain,2024-06-05
DNS,DNS/Domain,2024-06-05
Other,General infomation/help,2024-06-05
Other,General infomation/help,2024-06-05
Other,Refer to another team,2024-06-05
Other,Refer to another team,2024-06-05
Other,Refer to another team,2024-06-05
GitHub,GitHub - information/help,2024-06-06
GitHub,GitHub - information/help,2024-06-06
GitHub,GitHub - other requests,2024-06-06
DNS,DNS/Domain,2024-06-06
GitHub,GitHub – add user to org,2024-06-07
GitHub,GitHub – add user to org,2024-06-07
GitHub,GitHub - add Renovate to repo,2024-06-07
GitHub,GitHub - information/help,2024-06-07
1Password,1Password - information/help,2024-06-07
Other,General infomation/help,2024-06-07
DNS,DNS/Domain,2024-06-07
GitHub,GitHub – add user to org,2024-06-10
GitHub,GitHub – add user to org,2024-06-10
GitHub,GitHub – remove user from org,2024-06-10
GitHub,GitHub – remove user from org,2024-06-10
GitHub,GitHub - manage external collaborator,2024-06-10
DNS,DNS/Domain,2024-06-10
DNS,DNS/Domain,2024-06-10
GitHub,GitHub – add user to org,2024-06-11
GitHub,GitHub – add user to org,2024-06-11
GitHub,GitHub – add external collaborator,2024-06-11
GitHub,GitHub – add external collaborator,2024-06-11
GitHub,GitHub – add external collaborator,2024-06-11
GitHub,GitHub - manage external collaborator,2024-06-11
GitHub,GitHub – create team,2024-06-11
GitHub,GitHub - information/help,2024-06-11
GitHub,GitHub - information/help,2024-06-11
Certificates,Certificates,2024-06-11
GitHub,GitHub – add user to org,2024-06-12
GitHub,GitHub – add user to org,2024-06-12
GitHub,GitHub – add external collaborator,2024-06-12
GitHub,GitHub - manage external collaborator,2024-06-12
GitHub,GitHub - manage external collaborator,2024-06-12
AWS,AWS,2024-06-12
Other,Refer to another team,2024-06-12
GitHub,GitHub – add user to org,2024-06-13
GitHub,GitHub – add user to org,2024-06-13
GitHub,GitHub - manage external collaborator,2024-06-13
GitHub,GitHub - add Renovate to repo,2024-06-13
DNS,DNS/Domain,2024-06-13
Other,Refer to another team,2024-06-13
Other,Refer to another team,2024-06-13
GitHub,GitHub – add external collaborator,2024-06-14
GitHub,GitHub – change repo permissions,2024-06-14
DNS,DNS/Domain,2024-06-14
DNS,DNS/Domain,2024-06-14
Other,Refer to another team,2024-06-14
Other,Refer to another team,2024-06-14
GitHub,GitHub – add user to org,2024-06-17
GitHub,GitHub – add user to org,2024-06-17
GitHub,GitHub – add user to org,2024-06-17
GitHub,GitHub – add user to org,2024-06-17
GitHub,GitHub – add user to org,2024-06-17
GitHub,GitHub - add team to repo,2024-06-17
GitHub,GitHub - add Renovate to repo,2024-06-17
DNS,DNS/Domain,2024-06-17
SonarCloud,Sonarcloud,2024-06-17
Other,Tools Information/help,2024-06-17
GitHub,GitHub – add user to org,2024-06-18
GitHub,GitHub – add user to org,2024-06-18
GitHub,GitHub – archive/unarchive repo,2024-06-18
GitHub,GitHub - information/help,2024-06-18
AWS,AWS,2024-06-18
DNS,DNS/Domain,2024-06-18
GitHub,GitHub – add user to org,2024-06-19
GitHub,GitHub – add user to org,2024-06-19
GitHub,GitHub – add user to org,2024-06-19
GitHub,GitHub – archive/unarchive repo,2024-06-19
GitHub,GitHub - add Renovate to repo,2024-06-19
Other,Tools Information/help,2024-06-19
GitHub,GitHub – add user to org,2024-06-20
GitHub,GitHub – remove user from org,2024-06-20
GitHub,GitHub – add user to team/repo,2024-06-20
GitHub,GitHub – archive/unarchive repo,2024-06-20
1Password,1Password - password recovery,2024-06-20
CircleCi,CircleCi,2024-06-20
DNS,DNS/Domain,2024-06-20
Pagerduty,Pagerduty,2024-06-20
Pingdom,Pingdom,2024-06-20
Sentry,Sentry,2024-06-20
Other,Tools Information/help,2024-06-20
GitHub,GitHub – add user to org,2024-06-21
GitHub,GitHub – add user to org,2024-06-21
GitHub,GitHub – add user to org,2024-06-21
GitHub,GitHub – add user to org,2024-06-21
GitHub,GitHub – remove user from org,2024-06-21
1Password,1Password - add user,2024-06-21
1Password,1Password - add user,2024-06-21
CircleCi,CircleCi,2024-06-21
Other,Tools Information/help,2024-06-21
Other,Refer to another team,2024-06-21
GitHub,GitHub - add user back to org,2024-06-24
Certificates,Certificates,2024-06-24
GitHub,GitHub – add user to org,2024-06-25
GitHub,GitHub – remove user from org,2024-06-25
GitHub,GitHub – remove user from org,2024-06-25
GitHub,GitHub - add Renovate to repo,2024-06-25
AWS,AWS,2024-06-25
GitHub,GitHub – add user to org,2024-06-26
GitHub,GitHub – remove user from org,2024-06-26
GitHub,GitHub - information/help,2024-06-26
1Password,1Password - add user,2024-06-26
API,API Key,2024-06-26
GitHub,GitHub – add user to org,2024-06-27
GitHub,GitHub – remove external collaborator,2024-06-27
1Password,1Password - add user,2024-06-27
AWS,AWS,2024-06-27
Certificates,Certificates,2024-06-27
GitHub,GitHub – add user to org,2024-06-28
GitHub,GitHub - information/help,2024-06-28
1Password,1Password - add user,2024-06-28
1Password,1Password - add user,2024-06-28
AWS,AWS,2024-06-28
Certificates,Certificates,2024-06-28
GitHub,GitHub – add user to org,2024-07-01
GitHub,GitHub – add user to org,2024-07-01
GitHub,GitHub – add user to org,2024-07-01
GitHub,GitHub – add user to org,2024-07-01
GitHub,GitHub - add team to repo,2024-07-01
GitHub,GitHub - information/help,2024-07-01
1Password,1Password - add vault,2024-07-01
1Password,1Password - password recovery,2024-07-01
1Password,1Password - information/help,2024-07-01
1Password,1Password - information/help,2024-07-01
Certificates,Certificates,2024-07-01
Other,Refer to another team,2024-07-01
GitHub,GitHub – add user to org,2024-07-02
GitHub,GitHub – add user to org,2024-07-02
GitHub,GitHub – remove user from org,2024-07-02
GitHub,GitHub – add user to team/repo,2024-07-02
1Password,1Password - add user,2024-07-02
1Password,1Password - password recovery,2024-07-02
DNS,DNS/Domain,2024-07-02
DNS,DNS/Domain,2024-07-02
DNS,DNS/Domain,2024-07-02
DNS,DNS/Domain,2024-07-02
DNS,DNS/Domain,2024-07-02
Other,Refer to another team,2024-07-02
Other,Refer to another team,2024-07-02
GitHub,GitHub – add user to org,2024-07-03
GitHub,GitHub - information/help,2024-07-03
DNS,DNS/Domain,2024-07-03
DNS,DNS/Domain,2024-07-03
Other,Tools Information/help,2024-07-03
Other,Refer to another team,2024-07-03
GitHub,GitHub – add user to org,2024-07-04
GitHub,GitHub – add user to org,2024-07-04
GitHub,GitHub – add user to org,2024-07-04
GitHub,GitHub – add user to team/repo,2024-07-04
GitHub,GitHub – add user to team/repo,2024-07-04
1Password,1Password - add user,2024-07-04
DNS,DNS/Domain,2024-07-04
DNS,DNS/Domain,2024-07-05
Other,Leaver request,2024-07-05
GitHub,GitHub – add user to org,2024-07-08
GitHub,GitHub – add user to org,2024-07-08
GitHub,GitHub – add user to org,2024-07-08
GitHub,GitHub – remove user from org,2024-07-08
DNS,DNS/Domain,2024-07-08
Certificates,Certificates,2024-07-08
Other,Tools Information/help,2024-07-08
Other,Refer to another team,2024-07-08
Other,Refer to another team,2024-07-08
GitHub,GitHub – add user to org,2024-07-09
GitHub,GitHub – add user to org,2024-07-09
GitHub,GitHub - add team to repo,2024-07-09
GitHub,GitHub – create team,2024-07-09
1Password,1Password - add user,2024-07-09
Certificates,Certificates,2024-07-09
DNS,DNS/Domain,2024-07-09
Pagerduty,Pagerduty,2024-07-09
Pagerduty,Pagerduty,2024-07-09
GitHub,GitHub – add user to org,2024-07-10
GitHub,GitHub – add user to org,2024-07-10
GitHub,GitHub – add user to org,2024-07-10
GitHub,GitHub – add user to org,2024-07-10
1Password,1Password - add user,2024-07-10
Other,Tools Information/help,2024-07-10
Other,General infomation/help,2024-07-10
GitHub,GitHub – add user to org,2024-07-11
GitHub,GitHub – remove user from org,2024-07-11
GitHub,GitHub - manage external collaborator,2024-07-11
GitHub,GitHub - information/help,2024-07-11
1Password,1Password - add user,2024-07-11
1Password,1Password - information/help,2024-07-11
Other,General infomation/help,2024-07-11
Other,General infomation/help,2024-07-11
GitHub,GitHub – add user to org,2024-07-12
GitHub,GitHub – add user to org,2024-07-12
GitHub,GitHub – add user to org,2024-07-12
GitHub,GitHub – add user to org,2024-07-12
GitHub,GitHub – archive/unarchive repo,2024-07-12
GitHub,GitHub - information/help,2024-07-12
DNS,DNS/Domain,2024-07-12
DNS,DNS/Domain,2024-07-12
Other,Tools Information/help,2024-07-12
Other,Refer to another team,2024-07-12
GitHub,GitHub – add user to org,2024-07-15
GitHub,GitHub – add user to org,2024-07-15
GitHub,GitHub – add user to org,2024-07-15
GitHub,GitHub – add user to org,2024-07-15
GitHub,GitHub – add user to org,2024-07-15
GitHub,GitHub – add user to team/repo,2024-07-15
GitHub,GitHub – archive/unarchive repo,2024-07-15
1Password,1Password - add user,2024-07-15
1Password,1Password - add user,2024-07-15
GitHub,GitHub – add user to org,2024-07-16
GitHub,GitHub – add user to org,2024-07-16
GitHub,GitHub – add user to team/repo,2024-07-16
GitHub,GitHub - information/help,2024-07-16
AWS,AWS,2024-07-16
AWS,AWS,2024-07-16
DockerHub,Dockerhub,2024-07-16
Pingdom,Pingdom,2024-07-16
Other,Refer to another team,2024-07-16
Other,Refer to another team,2024-07-16
GitHub,GitHub – add user to org,2024-07-17
GitHub,GitHub – add user to org,2024-07-17
GitHub,GitHub - add user back to org,2024-07-17
GitHub,GitHub – archive/unarchive repo,2024-07-17
1Password,1Password - password recovery,2024-07-17
DNS,DNS/Domain,2024-07-17
Other,Refer to another team,2024-07-17
Other,Refer to another team,2024-07-17
Other,Refer to another team,2024-07-17
GitHub,GitHub - add team to repo,2024-07-18
GitHub,GitHub – archive/unarchive repo,2024-07-18
GitHub,GitHub - add Renovate to repo,2024-07-18
DNS,DNS/Domain,2024-07-18
DNS,DNS/Domain,2024-07-18
Pingdom,Pingdom,2024-07-18
Other,General infomation/help,2024-07-18
Other,Refer to another team,2024-07-18
GitHub,GitHub - add user back to org,2024-07-19
GitHub,GitHub – add user to team/repo,2024-07-19
GitHub,GitHub – add user to team/repo,2024-07-19
GitHub,GitHub - add Renovate to repo,2024-07-19
GitHub,GitHub - information/help,2024-07-19
Other,Tools Information/help,2024-07-19
Other,Refer to another team,2024-07-19
GitHub,GitHub – add user to org,2024-07-22
GitHub,GitHub – add user to org,2024-07-22
GitHub,GitHub – remove user from org,2024-07-22
1Password,1Password - information/help,2024-07-22
API,API Key,2024-07-22
DNS,DNS/Domain,2024-07-22
Other,Tools Information/help,2024-07-22
Other,Refer to another team,2024-07-22
GitHub,GitHub – add user to org,2024-07-23
GitHub,GitHub – add user to org,2024-07-23
GitHub,GitHub – add user to org,2024-07-23
GitHub,GitHub - information/help,2024-07-23
1Password,1Password - add user,2024-07-23
AWS,AWS,2024-07-23
AWS,AWS,2024-07-23
GitHub,GitHub – add user to org,2024-07-24
GitHub,GitHub – add user to org,2024-07-24
GitHub,GitHub - other requests,2024-07-24
GitHub,GitHub - information/help,2024-07-24
1Password,1Password - add user,2024-07-24
DNS,DNS/Domain,2024-07-24
DNS,DNS/Domain,2024-07-24
GitHub,GitHub – add user to org,2024-07-25
GitHub,GitHub – add user to org,2024-07-25
GitHub,GitHub - add user as maintainer,2024-07-25
GitHub,GitHub - other requests,2024-07-25
DNS,DNS/Domain,2024-07-25
GitHub,GitHub – add user to org,2024-07-26
GitHub,GitHub – add user to org,2024-07-29
GitHub,GitHub – add user to org,2024-07-29
GitHub,GitHub – add user to org,2024-07-29
GitHub,GitHub – add user to org,2024-07-29
AWS,AWS,2024-07-29
DNS,DNS/Domain,2024-07-29
DNS,DNS/Domain,2024-07-29
Pingdom,Pingdom,2024-07-29
Other,Refer to another team,2024-07-29
GitHub,GitHub – add user to org,2024-07-30
GitHub,GitHub – add user to org,2024-07-30
GitHub,GitHub – add user to org,2024-07-30
1Password,1Password - add user,2024-07-30
Certificates,Certificates,2024-07-30
DNS,DNS/Domain,2024-07-30
Pingdom,Pingdom,2024-07-30
Pingdom,Pingdom,2024-07-30
Pingdom,Pingdom,2024-07-30
Other,General infomation/help,2024-07-30
GitHub,GitHub – add user to org,2024-07-31
GitHub,GitHub – remove user from org,2024-07-31
GitHub,GitHub - information/help,2024-07-31
1Password,1Password - add user,2024-07-31
CircleCi,CircleCi,2024-07-31
DockerHub,Dockerhub,2024-07-31
DNS,DNS/Domain,2024-07-31
DNS,DNS/Domain,2024-07-31
GitHub,GitHub – add user to org,2024-08-01
GitHub,GitHub – add user to org,2024-08-01
GitHub,GitHub – add user to org,2024-08-01
GitHub,GitHub – remove user from org,2024-08-01
GitHub,GitHub - information/help,2024-08-01
1Password,1Password - add user,2024-08-01
1Password,1Password - add user,2024-08-01
DNS,DNS/Domain,2024-08-01
DNS,DNS/Domain,2024-08-01
Other,Refer to another team,2024-08-01
GitHub,GitHub – add user to org,2024-08-02
GitHub,GitHub – add user to org,2024-08-02
GitHub,GitHub – add user to team/repo,2024-08-02
GitHub,GitHub - information/help,2024-08-02
DNS,DNS/Domain,2024-08-02
GitHub,GitHub – add user to org,2024-08-05
GitHub,GitHub - information/help,2024-08-05
Certificates,Certificates,2024-08-05
DNS,DNS/Domain,2024-08-05
Other,General infomation/help,2024-08-05
GitHub,GitHub – add user to org,2024-08-06
GitHub,GitHub – add user to org,2024-08-06
GitHub,GitHub – remove user from org,2024-08-06
GitHub,GitHub - information/help,2024-08-06
1Password,1Password - add user,2024-08-06
AWS,AWS,2024-08-06
Certificates,Certificates,2024-08-06
DNS,DNS/Domain,2024-08-06
Sentry,Sentry,2024-08-06
Other,Refer to another team,2024-08-06
Other,Refer to another team,2024-08-06
GitHub,GitHub – add user to org,2024-08-07
DNS,DNS/Domain,2024-08-07
DockerHub,Dockerhub,2024-08-07
Sentry,Sentry,2024-08-07
Other,General infomation/help,2024-08-07
Other,Refer to another team,2024-08-07
Other,Refer to another team,2024-08-07
GitHub,GitHub – add user to org,2024-08-08
GitHub,GitHub – remove user from org,2024-08-08
GitHub,GitHub – add user to team/repo,2024-08-08
GitHub,GitHub – add user to team/repo,2024-08-08
GitHub,GitHub - other requests,2024-08-08
DNS,DNS/Domain,2024-08-08
DNS,DNS/Domain,2024-08-08
DNS,DNS/Domain,2024-08-08
DNS,DNS/Domain,2024-08-08
Other,Tools Information/help,2024-08-08
Other,Refer to another team,2024-08-08